"Question","Answer"
"When was GCUH established?","Government College University Hyderabad (GCUH) was established on 1st October 1917."
"What was the original name of GCUH?","The original name of GCUH was Sindh National Arts College, Hyderabad."
"Who founded GCUH?","GCUH was founded by Mrs. Annie Besant, President of the International Theosophical Society and National Education Trust."
"Who donated the land for GCUH?","The land for the college was donated by Seth Pertab Rai Manghar Singh."
"Who was the first principal of GCUH?","The first principal of GCUH was Prof. Dr. Earnest Wood, appointed in 1917."
"What significant event happened post-partition?","After the partition of the sub-continent in 1947, the Government of Sindh took over the college on 21st June 1948."
"What was the college renamed after partition?","The college was renamed Government College Hyderabad after the partition in 1948."
"When did GCUH start offering B.Sc. classes?","B.Sc. classes in Zoology, Botany, and Chemistry began in 1945, before the partition."
"When did GCUH introduce post-graduate programs?","GCUH introduced post-graduate M.Sc. programs in Physics, Chemistry, Zoology, Botany, Mathematics, and Statistics in 1991-1992."
"How has GCUH contributed to Pakistan?","GCUH has produced many distinguished alumni serving in senior administrative roles and contributing to various nation-building activities."
"When was the alumni association of GCUH formed?","The GCUH Alumni Association was formed on 29th January 1998 to bring former students together and work on welfare initiatives."
"Why is GCUH historically significant?","GCUH is one of the oldest educational institutions in Pakistan, founded before the partition, and it has played a crucial role in the educational development of the region."
"What were some of the milestones in GCUH's history?","Milestones include its founding in 1917, being taken over by the Government of Sindh in 1948, and achieving university status in 2018."
"When was Government College University Hyderabad (GCUH) originally founded?","GCUH was founded on October 1, 1917, initially as Sindh National Arts College by philanthropists and the National Education Trust."
"Who was the first principal of the college?","Prof. Dr. Earnest Wood, a key figure in the Theosophical Society, was appointed as the first principal of Sindh National Arts College in 1917."
"Why was the college renamed several times during its early years?","The college was renamed to Nadir Shah Edulji Dinshaw (N.E.D) National College in 1925 before restoring its original name later. This was part of various administrative and political decisions during that time."
"What role did the Government of Sindh play after the Partition?","After the Partition of India in 1947, many trustees migrated. The Government of Sindh took over the administration of the college on June 21, 1948."
"When were postgraduate M.Sc. classes introduced at the institution?","Postgraduate M.Sc. classes in subjects like Physics, Chemistry, Zoology, and Botany were introduced in the academic years 1991-1992."
"What significant changes occurred at GCUH post-1948?","Following the Government of Sindh’s takeover, the institution became Government College Hyderabad and grew to offer degree and postgraduate programs in a range of disciplines."
"What are the core values and objectives of the GCUH Alumni Association?","The GCUH Alumni Association, established in 1998, focuses on fostering connections between alumni, reviving old memories, and addressing the welfare of former students through non-political and non-profit means."
"How did the college’s academic offerings evolve after its foundation?","Initially offering intermediate level education, the college expanded to degree-level classes by 1951. Over the years, the university began offering honors classes, M.A., and M.Sc. programs."
"What was the significance of the Silver Jubilee celebration of the college?","In 1942, the college celebrated its Silver Jubilee, marking 25 years of service to education with a growing reputation for both academic and extracurricular excellence."
"What contribution did the alumni of GCUH make to society?","Alumni of GCUH have served in various influential roles within Pakistan and abroad, contributing to the fields of science, administration, and public service."
"What is the name of the university?","The full name of the university is Government College University Hyderabad."
"What is the full abbreviation of GCUH?","The full abbreviation of GCUH is Government College University Hyderabad."